"filename", "language", "C#", "XML", "JSON with Comments", "Markdown", "JSON", "HTML", "TypeScript", "TypeScript JSX", "CSS", "JavaScript", "comment", "blank", "total"
"c:\Users\craym\Desktop\school\Project\IMGWeb\API\API.csproj", "XML", 0, 21, 0, 0, 0, 0, 0, 0, 0, 0, 0, 5, 26
"c:\Users\craym\Desktop\school\Project\IMGWeb\API\Controllers\AccountController.cs", "C#", 83, 0, 0, 0, 0, 0, 0, 0, 0, 0, 0, 15, 98
"c:\Users\craym\Desktop\school\Project\IMGWeb\API\Controllers\AlbumImageController.cs", "C#", 22, 0, 0, 0, 0, 0, 0, 0, 0, 0, 0, 2, 24
"c:\Users\craym\Desktop\school\Project\IMGWeb\API\Controllers\AlbumsController.cs", "C#", 59, 0, 0, 0, 0, 0, 0, 0, 0, 0, 0, 9, 68
"c:\Users\craym\Desktop\school\Project\IMGWeb\API\Controllers\BaseApiController.cs", "C#", 30, 0, 0, 0, 0, 0, 0, 0, 0, 0, 0, 3, 33
"c:\Users\craym\Desktop\school\Project\IMGWeb\API\Controllers\FallbackController.cs", "C#", 17, 0, 0, 0, 0, 0, 0, 0, 0, 0, 0, 1, 18
"c:\Users\craym\Desktop\school\Project\IMGWeb\API\Controllers\ImagesController.cs", "C#", 58, 0, 0, 0, 0, 0, 0, 0, 0, 0, 0, 8, 66
"c:\Users\craym\Desktop\school\Project\IMGWeb\API\Controllers\ProfilesController.cs", "C#", 13, 0, 0, 0, 0, 0, 0, 0, 0, 0, 0, 1, 14
"c:\Users\craym\Desktop\school\Project\IMGWeb\API\Controllers\TagImageController.cs", "C#", 23, 0, 0, 0, 0, 0, 0, 0, 0, 0, 0, 2, 25
"c:\Users\craym\Desktop\school\Project\IMGWeb\API\Controllers\TagsController.cs", "C#", 35, 0, 0, 0, 0, 0, 0, 0, 0, 0, 0, 5, 40
"c:\Users\craym\Desktop\school\Project\IMGWeb\API\Controllers\WeatherForecastController.cs", "C#", 27, 0, 0, 0, 0, 0, 0, 0, 0, 0, 0, 6, 33
"c:\Users\craym\Desktop\school\Project\IMGWeb\API\DTOs\LoginDto.cs", "C#", 12, 0, 0, 0, 0, 0, 0, 0, 0, 0, 0, 1, 13
"c:\Users\craym\Desktop\school\Project\IMGWeb\API\DTOs\RegisterDto.cs", "C#", 20, 0, 0, 0, 0, 0, 0, 0, 0, 0, 0, 1, 21
"c:\Users\craym\Desktop\school\Project\IMGWeb\API\DTOs\UserDto.cs", "C#", 15, 0, 0, 0, 0, 0, 0, 0, 0, 0, 0, 1, 16
"c:\Users\craym\Desktop\school\Project\IMGWeb\API\Extensions\ApplicationServiceExtensions.cs", "C#", 41, 0, 0, 0, 0, 0, 0, 0, 0, 0, 0, 4, 45
"c:\Users\craym\Desktop\school\Project\IMGWeb\API\Extensions\IdentityServiceExtensions.cs", "C#", 36, 0, 0, 0, 0, 0, 0, 0, 0, 0, 0, 5, 41
"c:\Users\craym\Desktop\school\Project\IMGWeb\API\MiddleWare\ExceptionMiddleWare.cs", "C#", 37, 0, 0, 0, 0, 0, 0, 0, 0, 0, 0, 7, 44
"c:\Users\craym\Desktop\school\Project\IMGWeb\API\Program.cs", "C#", 41, 0, 0, 0, 0, 0, 0, 0, 0, 0, 5, 13, 59
"c:\Users\craym\Desktop\school\Project\IMGWeb\API\Properties\launchSettings.json", "JSON", 0, 0, 0, 0, 41, 0, 0, 0, 0, 0, 0, 1, 42
"c:\Users\craym\Desktop\school\Project\IMGWeb\API\Services\TokenService.cs", "C#", 36, 0, 0, 0, 0, 0, 0, 0, 0, 0, 0, 6, 42
"c:\Users\craym\Desktop\school\Project\IMGWeb\API\WeatherForecast.cs", "C#", 8, 0, 0, 0, 0, 0, 0, 0, 0, 0, 0, 5, 13
"c:\Users\craym\Desktop\school\Project\IMGWeb\API\appsettings.Development.json", "JSON", 0, 0, 0, 0, 12, 0, 0, 0, 0, 0, 0, 1, 13
"c:\Users\craym\Desktop\school\Project\IMGWeb\API\appsettings.json", "JSON", 0, 0, 0, 0, 14, 0, 0, 0, 0, 0, 0, 1, 15
"c:\Users\craym\Desktop\school\Project\IMGWeb\API\bin\Debug\net7.0\API.deps.json", "JSON", 0, 0, 0, 0, 1553, 0, 0, 0, 0, 0, 0, 0, 1553
"c:\Users\craym\Desktop\school\Project\IMGWeb\API\bin\Debug\net7.0\API.runtimeconfig.json", "JSON", 0, 0, 0, 0, 20, 0, 0, 0, 0, 0, 0, 0, 20
"c:\Users\craym\Desktop\school\Project\IMGWeb\API\bin\Debug\net7.0\API.staticwebassets.runtime.json", "JSON", 0, 0, 0, 0, 1, 0, 0, 0, 0, 0, 0, 0, 1
"c:\Users\craym\Desktop\school\Project\IMGWeb\API\bin\Debug\net7.0\appsettings.Development.json", "JSON", 0, 0, 0, 0, 12, 0, 0, 0, 0, 0, 0, 1, 13
"c:\Users\craym\Desktop\school\Project\IMGWeb\API\bin\Debug\net7.0\appsettings.json", "JSON", 0, 0, 0, 0, 14, 0, 0, 0, 0, 0, 0, 1, 15
"c:\Users\craym\Desktop\school\Project\IMGWeb\API\bin\Publish\API.deps.json", "JSON", 0, 0, 0, 0, 1521, 0, 0, 0, 0, 0, 0, 0, 1521
"c:\Users\craym\Desktop\school\Project\IMGWeb\API\bin\Publish\API.runtimeconfig.json", "JSON", 0, 0, 0, 0, 21, 0, 0, 0, 0, 0, 0, 0, 21
"c:\Users\craym\Desktop\school\Project\IMGWeb\API\bin\Publish\appsettings.Development.json", "JSON", 0, 0, 0, 0, 12, 0, 0, 0, 0, 0, 0, 1, 13
"c:\Users\craym\Desktop\school\Project\IMGWeb\API\bin\Publish\appsettings.json", "JSON", 0, 0, 0, 0, 14, 0, 0, 0, 0, 0, 0, 1, 15
"c:\Users\craym\Desktop\school\Project\IMGWeb\API\bin\Publish\wwwroot\asset-manifest.json", "JSON", 0, 0, 0, 0, 31, 0, 0, 0, 0, 0, 0, 0, 31
"c:\Users\craym\Desktop\school\Project\IMGWeb\API\bin\Publish\wwwroot\index.html", "HTML", 0, 0, 0, 0, 0, 1, 0, 0, 0, 0, 0, 0, 1
"c:\Users\craym\Desktop\school\Project\IMGWeb\API\bin\Publish\wwwroot\manifest.json", "JSON", 0, 0, 0, 0, 25, 0, 0, 0, 0, 0, 0, 1, 26
"c:\Users\craym\Desktop\school\Project\IMGWeb\API\bin\Publish\wwwroot\static\css\main.6900ca00.css", "CSS", 0, 0, 0, 0, 0, 0, 0, 0, 46, 0, 317, 0, 363
"c:\Users\craym\Desktop\school\Project\IMGWeb\API\bin\Publish\wwwroot\static\js\787.627756db.chunk.js", "JavaScript", 0, 0, 0, 0, 0, 0, 0, 0, 0, 1, 1, 0, 2
"c:\Users\craym\Desktop\school\Project\IMGWeb\API\bin\Publish\wwwroot\static\js\main.9cb2dfea.js", "JavaScript", 0, 0, 0, 0, 0, 0, 0, 0, 0, 1, 2, 0, 3
"c:\Users\craym\Desktop\school\Project\IMGWeb\API\bin\Publish\wwwroot\static\media\brand-icons.6729d29753e000c17489.svg", "XML", 0, 1004, 0, 0, 0, 0, 0, 0, 0, 0, 4, 1, 1009
"c:\Users\craym\Desktop\school\Project\IMGWeb\API\bin\Publish\wwwroot\static\media\icons.62d9dae4e0040e81c980.svg", "XML", 0, 1514, 0, 0, 0, 0, 0, 0, 0, 0, 4, 1, 1519
"c:\Users\craym\Desktop\school\Project\IMGWeb\API\bin\Publish\wwwroot\static\media\outline-icons.9c4845b4b41ef40a22fa.svg", "XML", 0, 362, 0, 0, 0, 0, 0, 0, 0, 0, 4, 1, 367
"c:\Users\craym\Desktop\school\Project\IMGWeb\API\bin\Release\net7.0\API.deps.json", "JSON", 0, 0, 0, 0, 1553, 0, 0, 0, 0, 0, 0, 0, 1553
"c:\Users\craym\Desktop\school\Project\IMGWeb\API\bin\Release\net7.0\API.runtimeconfig.json", "JSON", 0, 0, 0, 0, 21, 0, 0, 0, 0, 0, 0, 0, 21
"c:\Users\craym\Desktop\school\Project\IMGWeb\API\bin\Release\net7.0\API.staticwebassets.runtime.json", "JSON", 0, 0, 0, 0, 1, 0, 0, 0, 0, 0, 0, 0, 1
"c:\Users\craym\Desktop\school\Project\IMGWeb\API\bin\Release\net7.0\appsettings.Development.json", "JSON", 0, 0, 0, 0, 12, 0, 0, 0, 0, 0, 0, 1, 13
"c:\Users\craym\Desktop\school\Project\IMGWeb\API\bin\Release\net7.0\appsettings.json", "JSON", 0, 0, 0, 0, 14, 0, 0, 0, 0, 0, 0, 1, 15
"c:\Users\craym\Desktop\school\Project\IMGWeb\API\wwwroot\asset-manifest.json", "JSON", 0, 0, 0, 0, 31, 0, 0, 0, 0, 0, 0, 0, 31
"c:\Users\craym\Desktop\school\Project\IMGWeb\API\wwwroot\index.html", "HTML", 0, 0, 0, 0, 0, 1, 0, 0, 0, 0, 0, 0, 1
"c:\Users\craym\Desktop\school\Project\IMGWeb\API\wwwroot\manifest.json", "JSON", 0, 0, 0, 0, 25, 0, 0, 0, 0, 0, 0, 1, 26
"c:\Users\craym\Desktop\school\Project\IMGWeb\API\wwwroot\static\css\main.6900ca00.css", "CSS", 0, 0, 0, 0, 0, 0, 0, 0, 46, 0, 317, 0, 363
"c:\Users\craym\Desktop\school\Project\IMGWeb\API\wwwroot\static\js\787.627756db.chunk.js", "JavaScript", 0, 0, 0, 0, 0, 0, 0, 0, 0, 1, 1, 0, 2
"c:\Users\craym\Desktop\school\Project\IMGWeb\API\wwwroot\static\js\main.49b5addb.js", "JavaScript", 0, 0, 0, 0, 0, 0, 0, 0, 0, 1, 2, 0, 3
"c:\Users\craym\Desktop\school\Project\IMGWeb\API\wwwroot\static\media\brand-icons.6729d29753e000c17489.svg", "XML", 0, 1004, 0, 0, 0, 0, 0, 0, 0, 0, 4, 1, 1009
"c:\Users\craym\Desktop\school\Project\IMGWeb\API\wwwroot\static\media\icons.62d9dae4e0040e81c980.svg", "XML", 0, 1514, 0, 0, 0, 0, 0, 0, 0, 0, 4, 1, 1519
"c:\Users\craym\Desktop\school\Project\IMGWeb\API\wwwroot\static\media\outline-icons.9c4845b4b41ef40a22fa.svg", "XML", 0, 362, 0, 0, 0, 0, 0, 0, 0, 0, 4, 1, 367
"c:\Users\craym\Desktop\school\Project\IMGWeb\Application\AlbumImage\Add.cs", "C#", 46, 0, 0, 0, 0, 0, 0, 0, 0, 0, 1, 9, 56
"c:\Users\craym\Desktop\school\Project\IMGWeb\Application\AlbumImage\AlbumImageDto.cs", "C#", 12, 0, 0, 0, 0, 0, 0, 0, 0, 0, 0, 1, 13
"c:\Users\craym\Desktop\school\Project\IMGWeb\Application\AlbumImage\Remove.cs", "C#", 39, 0, 0, 0, 0, 0, 0, 0, 0, 0, 0, 10, 49
"c:\Users\craym\Desktop\school\Project\IMGWeb\Application\Albums\AddView.cs", "C#", 37, 0, 0, 0, 0, 0, 0, 0, 0, 0, 0, 9, 46
"c:\Users\craym\Desktop\school\Project\IMGWeb\Application\Albums\AlbumDto.cs", "C#", 39, 0, 0, 0, 0, 0, 0, 0, 0, 0, 0, 3, 42
"c:\Users\craym\Desktop\school\Project\IMGWeb\Application\Albums\Create.cs", "C#", 39, 0, 0, 0, 0, 0, 0, 0, 0, 0, 0, 8, 47
"c:\Users\craym\Desktop\school\Project\IMGWeb\Application\Albums\CreateAlbumDto.cs", "C#", 12, 0, 0, 0, 0, 0, 0, 0, 0, 0, 0, 1, 13
"c:\Users\craym\Desktop\school\Project\IMGWeb\Application\Albums\Delete.cs", "C#", 37, 0, 0, 0, 0, 0, 0, 0, 0, 0, 0, 11, 48
"c:\Users\craym\Desktop\school\Project\IMGWeb\Application\Albums\Details.cs", "C#", 43, 0, 0, 0, 0, 0, 0, 0, 0, 0, 0, 7, 50
"c:\Users\craym\Desktop\school\Project\IMGWeb\Application\Albums\Edit.cs", "C#", 41, 0, 0, 0, 0, 0, 0, 0, 0, 0, 0, 11, 52
"c:\Users\craym\Desktop\school\Project\IMGWeb\Application\Albums\EditAlbumDto.cs", "C#", 13, 0, 0, 0, 0, 0, 0, 0, 0, 0, 0, 1, 14
"c:\Users\craym\Desktop\school\Project\IMGWeb\Application\Albums\List.cs", "C#", 36, 0, 0, 0, 0, 0, 0, 0, 0, 0, 0, 6, 42
"c:\Users\craym\Desktop\school\Project\IMGWeb\Application\Albums\Search.cs", "C#", 46, 0, 0, 0, 0, 0, 0, 0, 0, 0, 0, 6, 52
"c:\Users\craym\Desktop\school\Project\IMGWeb\Application\Albums\UpdateFavorite.cs", "C#", 37, 0, 0, 0, 0, 0, 0, 0, 0, 0, 0, 9, 46
"c:\Users\craym\Desktop\school\Project\IMGWeb\Application\Albums\UpdateRating.cs", "C#", 43, 0, 0, 0, 0, 0, 0, 0, 0, 0, 0, 10, 53
"c:\Users\craym\Desktop\school\Project\IMGWeb\Application\Application.csproj", "XML", 0, 18, 0, 0, 0, 0, 0, 0, 0, 0, 0, 5, 23
"c:\Users\craym\Desktop\school\Project\IMGWeb\Application\Core\AppException.cs", "C#", 15, 0, 0, 0, 0, 0, 0, 0, 0, 0, 0, 1, 16
"c:\Users\craym\Desktop\school\Project\IMGWeb\Application\Core\MappingProfiles.cs", "C#", 20, 0, 0, 0, 0, 0, 0, 0, 0, 0, 0, 1, 21
"c:\Users\craym\Desktop\school\Project\IMGWeb\Application\Core\Result.cs", "C#", 11, 0, 0, 0, 0, 0, 0, 0, 0, 0, 0, 3, 14
"c:\Users\craym\Desktop\school\Project\IMGWeb\Application\GenericDtos\IntDto.cs", "C#", 11, 0, 0, 0, 0, 0, 0, 0, 0, 0, 0, 1, 12
"c:\Users\craym\Desktop\school\Project\IMGWeb\Application\GenericDtos\StringDto.cs", "C#", 11, 0, 0, 0, 0, 0, 0, 0, 0, 0, 0, 1, 12
"c:\Users\craym\Desktop\school\Project\IMGWeb\Application\Images\Add.cs", "C#", 64, 0, 0, 0, 0, 0, 0, 0, 0, 0, 15, 12, 91
"c:\Users\craym\Desktop\school\Project\IMGWeb\Application\Images\AddView.cs", "C#", 37, 0, 0, 0, 0, 0, 0, 0, 0, 0, 0, 9, 46
"c:\Users\craym\Desktop\school\Project\IMGWeb\Application\Images\Delete.cs", "C#", 45, 0, 0, 0, 0, 0, 0, 0, 0, 0, 0, 13, 58
"c:\Users\craym\Desktop\school\Project\IMGWeb\Application\Images\Details.cs", "C#", 41, 0, 0, 0, 0, 0, 0, 0, 0, 0, 0, 7, 48
"c:\Users\craym\Desktop\school\Project\IMGWeb\Application\Images\ImageDataDto.cs", "C#", 53, 0, 0, 0, 0, 0, 0, 0, 0, 0, 0, 3, 56
"c:\Users\craym\Desktop\school\Project\IMGWeb\Application\Images\ImageUploadResult.cs", "C#", 8, 0, 0, 0, 0, 0, 0, 0, 0, 0, 0, 0, 8
"c:\Users\craym\Desktop\school\Project\IMGWeb\Application\Images\List.cs", "C#", 37, 0, 0, 0, 0, 0, 0, 0, 0, 0, 0, 6, 43
"c:\Users\craym\Desktop\school\Project\IMGWeb\Application\Images\ListNotTagged.cs", "C#", 40, 0, 0, 0, 0, 0, 0, 0, 0, 0, 0, 6, 46
"c:\Users\craym\Desktop\school\Project\IMGWeb\Application\Images\Search.cs", "C#", 46, 0, 0, 0, 0, 0, 0, 0, 0, 0, 0, 6, 52
"c:\Users\craym\Desktop\school\Project\IMGWeb\Application\Images\SearchDto.cs", "C#", 12, 0, 0, 0, 0, 0, 0, 0, 0, 0, 0, 1, 13
"c:\Users\craym\Desktop\school\Project\IMGWeb\Application\Images\UpdateFavorite.cs", "C#", 37, 0, 0, 0, 0, 0, 0, 0, 0, 0, 0, 8, 45
"c:\Users\craym\Desktop\school\Project\IMGWeb\Application\Images\UpdateRating.cs", "C#", 43, 0, 0, 0, 0, 0, 0, 0, 0, 0, 0, 11, 54
"c:\Users\craym\Desktop\school\Project\IMGWeb\Application\Interfaces\IPhotoAccessor.cs", "C#", 10, 0, 0, 0, 0, 0, 0, 0, 0, 0, 0, 1, 11
"c:\Users\craym\Desktop\school\Project\IMGWeb\Application\Interfaces\IUserAccessor.cs", "C#", 11, 0, 0, 0, 0, 0, 0, 0, 0, 0, 0, 1, 12
"c:\Users\craym\Desktop\school\Project\IMGWeb\Application\Profiles\Details.cs", "C#", 36, 0, 0, 0, 0, 0, 0, 0, 0, 0, 0, 6, 42
"c:\Users\craym\Desktop\school\Project\IMGWeb\Application\Profiles\Profile.cs", "C#", 15, 0, 0, 0, 0, 0, 0, 0, 0, 0, 0, 1, 16
"c:\Users\craym\Desktop\school\Project\IMGWeb\Application\TagImages\Add.cs", "C#", 49, 0, 0, 0, 0, 0, 0, 0, 0, 0, 1, 9, 59
"c:\Users\craym\Desktop\school\Project\IMGWeb\Application\TagImages\Remove.cs", "C#", 41, 0, 0, 0, 0, 0, 0, 0, 0, 0, 1, 8, 50
"c:\Users\craym\Desktop\school\Project\IMGWeb\Application\TagImages\TagImageDto.cs", "C#", 12, 0, 0, 0, 0, 0, 0, 0, 0, 0, 0, 1, 13
"c:\Users\craym\Desktop\school\Project\IMGWeb\Application\Tags\Create.cs", "C#", 47, 0, 0, 0, 0, 0, 0, 0, 0, 0, 0, 9, 56
"c:\Users\craym\Desktop\school\Project\IMGWeb\Application\Tags\Delete.cs", "C#", 41, 0, 0, 0, 0, 0, 0, 0, 0, 0, 0, 10, 51
"c:\Users\craym\Desktop\school\Project\IMGWeb\Application\Tags\Details.cs", "C#", 44, 0, 0, 0, 0, 0, 0, 0, 0, 0, 1, 5, 50
"c:\Users\craym\Desktop\school\Project\IMGWeb\Application\Tags\Edit.cs", "C#", 53, 0, 0, 0, 0, 0, 0, 0, 0, 0, 0, 12, 65
"c:\Users\craym\Desktop\school\Project\IMGWeb\Application\Tags\EditTagValidator.cs", "C#", 17, 0, 0, 0, 0, 0, 0, 0, 0, 0, 0, 1, 18
"c:\Users\craym\Desktop\school\Project\IMGWeb\Application\Tags\List.cs", "C#", 43, 0, 0, 0, 0, 0, 0, 0, 0, 0, 1, 6, 50
"c:\Users\craym\Desktop\school\Project\IMGWeb\Application\Tags\TagDto.cs", "C#", 23, 0, 0, 0, 0, 0, 0, 0, 0, 0, 0, 2, 25
"c:\Users\craym\Desktop\school\Project\IMGWeb\Application\Tags\TagValidator.cs", "C#", 13, 0, 0, 0, 0, 0, 0, 0, 0, 0, 0, 1, 14
"c:\Users\craym\Desktop\school\Project\IMGWeb\Application\bin\Debug\net7.0\Application.deps.json", "JSON", 0, 0, 0, 0, 1267, 0, 0, 0, 0, 0, 0, 0, 1267
"c:\Users\craym\Desktop\school\Project\IMGWeb\Application\bin\Release\net7.0\Application.deps.json", "JSON", 0, 0, 0, 0, 1267, 0, 0, 0, 0, 0, 0, 0, 1267
"c:\Users\craym\Desktop\school\Project\IMGWeb\Domain\Album.cs", "C#", 18, 0, 0, 0, 0, 0, 0, 0, 0, 0, 0, 1, 19
"c:\Users\craym\Desktop\school\Project\IMGWeb\Domain\AlbumImages.cs", "C#", 10, 0, 0, 0, 0, 0, 0, 0, 0, 0, 0, 0, 10
"c:\Users\craym\Desktop\school\Project\IMGWeb\Domain\AppUser.cs", "C#", 15, 0, 0, 0, 0, 0, 0, 0, 0, 0, 0, 1, 16
"c:\Users\craym\Desktop\school\Project\IMGWeb\Domain\Domain.csproj", "XML", 0, 10, 0, 0, 0, 0, 0, 0, 0, 0, 0, 4, 14
"c:\Users\craym\Desktop\school\Project\IMGWeb\Domain\ImageData.cs", "C#", 26, 0, 0, 0, 0, 0, 0, 0, 0, 0, 0, 1, 27
"c:\Users\craym\Desktop\school\Project\IMGWeb\Domain\Tag.cs", "C#", 12, 0, 0, 0, 0, 0, 0, 0, 0, 0, 0, 1, 13
"c:\Users\craym\Desktop\school\Project\IMGWeb\Domain\TagImageData.cs", "C#", 14, 0, 0, 0, 0, 0, 0, 0, 0, 0, 0, 1, 15
"c:\Users\craym\Desktop\school\Project\IMGWeb\Domain\bin\Debug\net7.0\Domain.deps.json", "JSON", 0, 0, 0, 0, 343, 0, 0, 0, 0, 0, 0, 0, 343
"c:\Users\craym\Desktop\school\Project\IMGWeb\Domain\bin\Release\net7.0\Domain.deps.json", "JSON", 0, 0, 0, 0, 343, 0, 0, 0, 0, 0, 0, 0, 343
"c:\Users\craym\Desktop\school\Project\IMGWeb\Infrastructure\Images\CloudinarySettings.cs", "C#", 13, 0, 0, 0, 0, 0, 0, 0, 0, 0, 0, 1, 14
"c:\Users\craym\Desktop\school\Project\IMGWeb\Infrastructure\Images\ImageAccessor.cs", "C#", 50, 0, 0, 0, 0, 0, 0, 0, 0, 0, 0, 8, 58
"c:\Users\craym\Desktop\school\Project\IMGWeb\Infrastructure\Infrastructure.csproj", "XML", 0, 13, 0, 0, 0, 0, 0, 0, 0, 0, 0, 5, 18
"c:\Users\craym\Desktop\school\Project\IMGWeb\Infrastructure\Security\IsHostRequirement.cs", "C#", 33, 0, 0, 0, 0, 0, 0, 0, 0, 0, 0, 9, 42
"c:\Users\craym\Desktop\school\Project\IMGWeb\Infrastructure\Security\UserAccessor.cs", "C#", 22, 0, 0, 0, 0, 0, 0, 0, 0, 0, 0, 3, 25
"c:\Users\craym\Desktop\school\Project\IMGWeb\Infrastructure\bin\Debug\net7.0\Infrastructure.deps.json", "JSON", 0, 0, 0, 0, 1314, 0, 0, 0, 0, 0, 0, 0, 1314
"c:\Users\craym\Desktop\school\Project\IMGWeb\Infrastructure\bin\Release\net7.0\Infrastructure.deps.json", "JSON", 0, 0, 0, 0, 1314, 0, 0, 0, 0, 0, 0, 0, 1314
"c:\Users\craym\Desktop\school\Project\IMGWeb\Persistence\DataContext.cs", "C#", 59, 0, 0, 0, 0, 0, 0, 0, 0, 0, 10, 7, 76
"c:\Users\craym\Desktop\school\Project\IMGWeb\Persistence\Migrations\20230308005118_InitialCreate.Designer.cs", "C#", 227, 0, 0, 0, 0, 0, 0, 0, 0, 0, 2, 78, 307
"c:\Users\craym\Desktop\school\Project\IMGWeb\Persistence\Migrations\20230308005118_InitialCreate.cs", "C#", 216, 0, 0, 0, 0, 0, 0, 0, 0, 0, 3, 25, 244
"c:\Users\craym\Desktop\school\Project\IMGWeb\Persistence\Migrations\20230308211710_CompleteDb.Designer.cs", "C#", 377, 0, 0, 0, 0, 0, 0, 0, 0, 0, 2, 139, 518
"c:\Users\craym\Desktop\school\Project\IMGWeb\Persistence\Migrations\20230308211710_CompleteDb.cs", "C#", 202, 0, 0, 0, 0, 0, 0, 0, 0, 0, 3, 26, 231
"c:\Users\craym\Desktop\school\Project\IMGWeb\Persistence\Migrations\20230315030106_UpdateAlbum.Designer.cs", "C#", 377, 0, 0, 0, 0, 0, 0, 0, 0, 0, 2, 139, 518
"c:\Users\craym\Desktop\school\Project\IMGWeb\Persistence\Migrations\20230315030106_UpdateAlbum.cs", "C#", 46, 0, 0, 0, 0, 0, 0, 0, 0, 0, 3, 6, 55
"c:\Users\craym\Desktop\school\Project\IMGWeb\Persistence\Migrations\20230315181432_AlbumImageCascadeDelete.Designer.cs", "C#", 377, 0, 0, 0, 0, 0, 0, 0, 0, 0, 2, 139, 518
"c:\Users\craym\Desktop\school\Project\IMGWeb\Persistence\Migrations\20230315181432_AlbumImageCascadeDelete.cs", "C#", 14, 0, 0, 0, 0, 0, 0, 0, 0, 0, 3, 6, 23
"c:\Users\craym\Desktop\school\Project\IMGWeb\Persistence\Migrations\20230315182511_UpdateSizeTypeToLong.Designer.cs", "C#", 377, 0, 0, 0, 0, 0, 0, 0, 0, 0, 2, 139, 518
"c:\Users\craym\Desktop\school\Project\IMGWeb\Persistence\Migrations\20230315182511_UpdateSizeTypeToLong.cs", "C#", 56, 0, 0, 0, 0, 0, 0, 0, 0, 0, 3, 8, 67
"c:\Users\craym\Desktop\school\Project\IMGWeb\Persistence\Migrations\DataContextModelSnapshot.cs", "C#", 375, 0, 0, 0, 0, 0, 0, 0, 0, 0, 1, 139, 515
"c:\Users\craym\Desktop\school\Project\IMGWeb\Persistence\Persistence.csproj", "XML", 0, 13, 0, 0, 0, 0, 0, 0, 0, 0, 0, 5, 18
"c:\Users\craym\Desktop\school\Project\IMGWeb\Persistence\bin\Debug\net7.0\Persistence.deps.json", "JSON", 0, 0, 0, 0, 1151, 0, 0, 0, 0, 0, 0, 0, 1151
"c:\Users\craym\Desktop\school\Project\IMGWeb\Persistence\bin\Release\net7.0\Persistence.deps.json", "JSON", 0, 0, 0, 0, 1151, 0, 0, 0, 0, 0, 0, 0, 1151
"c:\Users\craym\Desktop\school\Project\IMGWeb\bin\Publish\API.deps.json", "JSON", 0, 0, 0, 0, 1521, 0, 0, 0, 0, 0, 0, 0, 1521
"c:\Users\craym\Desktop\school\Project\IMGWeb\bin\Publish\API.runtimeconfig.json", "JSON", 0, 0, 0, 0, 21, 0, 0, 0, 0, 0, 0, 0, 21
"c:\Users\craym\Desktop\school\Project\IMGWeb\bin\Publish\Application.deps.json", "JSON", 0, 0, 0, 0, 1267, 0, 0, 0, 0, 0, 0, 0, 1267
"c:\Users\craym\Desktop\school\Project\IMGWeb\bin\Publish\Domain.deps.json", "JSON", 0, 0, 0, 0, 343, 0, 0, 0, 0, 0, 0, 0, 343
"c:\Users\craym\Desktop\school\Project\IMGWeb\bin\Publish\Infrastructure.deps.json", "JSON", 0, 0, 0, 0, 1314, 0, 0, 0, 0, 0, 0, 0, 1314
"c:\Users\craym\Desktop\school\Project\IMGWeb\bin\Publish\Persistence.deps.json", "JSON", 0, 0, 0, 0, 1151, 0, 0, 0, 0, 0, 0, 0, 1151
"c:\Users\craym\Desktop\school\Project\IMGWeb\bin\Publish\appsettings.Development.json", "JSON", 0, 0, 0, 0, 12, 0, 0, 0, 0, 0, 0, 1, 13
"c:\Users\craym\Desktop\school\Project\IMGWeb\bin\Publish\appsettings.json", "JSON", 0, 0, 0, 0, 14, 0, 0, 0, 0, 0, 0, 1, 15
"c:\Users\craym\Desktop\school\Project\IMGWeb\bin\Publish\wwwroot\asset-manifest.json", "JSON", 0, 0, 0, 0, 31, 0, 0, 0, 0, 0, 0, 0, 31
"c:\Users\craym\Desktop\school\Project\IMGWeb\bin\Publish\wwwroot\index.html", "HTML", 0, 0, 0, 0, 0, 1, 0, 0, 0, 0, 0, 0, 1
"c:\Users\craym\Desktop\school\Project\IMGWeb\bin\Publish\wwwroot\manifest.json", "JSON", 0, 0, 0, 0, 25, 0, 0, 0, 0, 0, 0, 1, 26
"c:\Users\craym\Desktop\school\Project\IMGWeb\bin\Publish\wwwroot\static\css\main.6900ca00.css", "CSS", 0, 0, 0, 0, 0, 0, 0, 0, 46, 0, 317, 0, 363
"c:\Users\craym\Desktop\school\Project\IMGWeb\bin\Publish\wwwroot\static\js\787.627756db.chunk.js", "JavaScript", 0, 0, 0, 0, 0, 0, 0, 0, 0, 1, 1, 0, 2
"c:\Users\craym\Desktop\school\Project\IMGWeb\bin\Publish\wwwroot\static\js\main.9cb2dfea.js", "JavaScript", 0, 0, 0, 0, 0, 0, 0, 0, 0, 1, 2, 0, 3
"c:\Users\craym\Desktop\school\Project\IMGWeb\bin\Publish\wwwroot\static\media\brand-icons.6729d29753e000c17489.svg", "XML", 0, 1004, 0, 0, 0, 0, 0, 0, 0, 0, 4, 1, 1009
"c:\Users\craym\Desktop\school\Project\IMGWeb\bin\Publish\wwwroot\static\media\icons.62d9dae4e0040e81c980.svg", "XML", 0, 1514, 0, 0, 0, 0, 0, 0, 0, 0, 4, 1, 1519
"c:\Users\craym\Desktop\school\Project\IMGWeb\bin\Publish\wwwroot\static\media\outline-icons.9c4845b4b41ef40a22fa.svg", "XML", 0, 362, 0, 0, 0, 0, 0, 0, 0, 0, 4, 1, 367
"c:\Users\craym\Desktop\school\Project\IMGWeb\client-app\README.md", "Markdown", 0, 0, 0, 26, 0, 0, 0, 0, 0, 0, 0, 21, 47
"c:\Users\craym\Desktop\school\Project\IMGWeb\client-app\package-lock.json", "JSON", 0, 0, 0, 0, 17447, 0, 0, 0, 0, 0, 0, 1, 17448
"c:\Users\craym\Desktop\school\Project\IMGWeb\client-app\package.json", "JSON", 0, 0, 0, 0, 62, 0, 0, 0, 0, 0, 0, 1, 63
"c:\Users\craym\Desktop\school\Project\IMGWeb\client-app\public\index.html", "HTML", 0, 0, 0, 0, 0, 20, 0, 0, 0, 0, 23, 1, 44
"c:\Users\craym\Desktop\school\Project\IMGWeb\client-app\public\manifest.json", "JSON", 0, 0, 0, 0, 25, 0, 0, 0, 0, 0, 0, 1, 26
"c:\Users\craym\Desktop\school\Project\IMGWeb\client-app\src\app\api\agent.ts", "TypeScript", 0, 0, 0, 0, 0, 0, 113, 0, 0, 0, 2, 14, 129
"c:\Users\craym\Desktop\school\Project\IMGWeb\client-app\src\app\common\confirmation\ConfirmationMessage.tsx", "TypeScript JSX", 0, 0, 0, 0, 0, 0, 0, 63, 0, 0, 0, 10, 73
"c:\Users\craym\Desktop\school\Project\IMGWeb\client-app\src\app\common\form\FormTextInput.tsx", "TypeScript JSX", 0, 0, 0, 0, 0, 0, 0, 23, 0, 0, 0, 2, 25
"c:\Users\craym\Desktop\school\Project\IMGWeb\client-app\src\app\common\modals\ModalContainer.tsx", "TypeScript JSX", 0, 0, 0, 0, 0, 0, 0, 13, 0, 0, 0, 1, 14
"c:\Users\craym\Desktop\school\Project\IMGWeb\client-app\src\app\dtos\numberDto.ts", "TypeScript", 0, 0, 0, 0, 0, 0, 3, 0, 0, 0, 0, 0, 3
"c:\Users\craym\Desktop\school\Project\IMGWeb\client-app\src\app\dtos\searchDto.ts", "TypeScript", 0, 0, 0, 0, 0, 0, 4, 0, 0, 0, 0, 0, 4
"c:\Users\craym\Desktop\school\Project\IMGWeb\client-app\src\app\dtos\tagImageDto.ts", "TypeScript", 0, 0, 0, 0, 0, 0, 4, 0, 0, 0, 0, 0, 4
"c:\Users\craym\Desktop\school\Project\IMGWeb\client-app\src\app\layout\App.tsx", "TypeScript JSX", 0, 0, 0, 0, 0, 0, 0, 38, 0, 0, 0, 6, 44
"c:\Users\craym\Desktop\school\Project\IMGWeb\client-app\src\app\layout\NavBar.tsx", "TypeScript JSX", 0, 0, 0, 0, 0, 0, 0, 51, 0, 0, 1, 1, 53
"c:\Users\craym\Desktop\school\Project\IMGWeb\client-app\src\app\layout\loadingComponent.tsx", "TypeScript JSX", 0, 0, 0, 0, 0, 0, 0, 16, 0, 0, 0, 2, 18
"c:\Users\craym\Desktop\school\Project\IMGWeb\client-app\src\app\layout\styles.css", "CSS", 0, 0, 0, 0, 0, 0, 0, 0, 47, 0, 0, 14, 61
"c:\Users\craym\Desktop\school\Project\IMGWeb\client-app\src\app\models\album.ts", "TypeScript", 0, 0, 0, 0, 0, 0, 6, 0, 0, 0, 0, 0, 6
"c:\Users\craym\Desktop\school\Project\IMGWeb\client-app\src\app\models\imageData.ts", "TypeScript", 0, 0, 0, 0, 0, 0, 18, 0, 0, 0, 0, 2, 20
"c:\Users\craym\Desktop\school\Project\IMGWeb\client-app\src\app\models\profile.ts", "TypeScript", 0, 0, 0, 0, 0, 0, 6, 0, 0, 0, 0, 0, 6
"c:\Users\craym\Desktop\school\Project\IMGWeb\client-app\src\app\models\serverError.ts", "TypeScript", 0, 0, 0, 0, 0, 0, 5, 0, 0, 0, 0, 0, 5
"c:\Users\craym\Desktop\school\Project\IMGWeb\client-app\src\app\models\tag.ts", "TypeScript", 0, 0, 0, 0, 0, 0, 11, 0, 0, 0, 0, 1, 12
"c:\Users\craym\Desktop\school\Project\IMGWeb\client-app\src\app\models\user.ts", "TypeScript", 0, 0, 0, 0, 0, 0, 13, 0, 0, 0, 0, 1, 14
"c:\Users\craym\Desktop\school\Project\IMGWeb\client-app\src\app\models\userSettings.ts", "TypeScript", 0, 0, 0, 0, 0, 0, 16, 0, 0, 0, 0, 2, 18
"c:\Users\craym\Desktop\school\Project\IMGWeb\client-app\src\app\router\RequireAuth.tsx", "TypeScript JSX", 0, 0, 0, 0, 0, 0, 0, 10, 0, 0, 0, 3, 13
"c:\Users\craym\Desktop\school\Project\IMGWeb\client-app\src\app\router\Routes.tsx", "TypeScript JSX", 0, 0, 0, 0, 0, 0, 0, 30, 0, 0, 0, 2, 32
"c:\Users\craym\Desktop\school\Project\IMGWeb\client-app\src\app\stores\albumsStore.ts", "TypeScript", 0, 0, 0, 0, 0, 0, 9, 0, 0, 0, 0, 3, 12
"c:\Users\craym\Desktop\school\Project\IMGWeb\client-app\src\app\stores\commonStore.ts", "TypeScript", 0, 0, 0, 0, 0, 0, 33, 0, 0, 0, 0, 7, 40
"c:\Users\craym\Desktop\school\Project\IMGWeb\client-app\src\app\stores\imageStore.ts", "TypeScript", 0, 0, 0, 0, 0, 0, 254, 0, 0, 0, 2, 31, 287
"c:\Users\craym\Desktop\school\Project\IMGWeb\client-app\src\app\stores\modalStore.ts", "TypeScript", 0, 0, 0, 0, 0, 0, 22, 0, 0, 0, 0, 5, 27
"c:\Users\craym\Desktop\school\Project\IMGWeb\client-app\src\app\stores\store.ts", "TypeScript", 0, 0, 0, 0, 0, 0, 24, 0, 0, 0, 0, 4, 28
"c:\Users\craym\Desktop\school\Project\IMGWeb\client-app\src\app\stores\tagStore.ts", "TypeScript", 0, 0, 0, 0, 0, 0, 79, 0, 0, 0, 1, 9, 89
"c:\Users\craym\Desktop\school\Project\IMGWeb\client-app\src\app\stores\userStore.ts", "TypeScript", 0, 0, 0, 0, 0, 0, 118, 0, 0, 0, 1, 19, 138
"c:\Users\craym\Desktop\school\Project\IMGWeb\client-app\src\features\errors\NotFound.tsx", "TypeScript JSX", 0, 0, 0, 0, 0, 0, 0, 17, 0, 0, 0, 1, 18
"c:\Users\craym\Desktop\school\Project\IMGWeb\client-app\src\features\errors\ServerError.tsx", "TypeScript JSX", 0, 0, 0, 0, 0, 0, 0, 18, 0, 0, 0, 1, 19
"c:\Users\craym\Desktop\school\Project\IMGWeb\client-app\src\features\errors\ValidationError.tsx", "TypeScript JSX", 0, 0, 0, 0, 0, 0, 0, 17, 0, 0, 0, 3, 20
"c:\Users\craym\Desktop\school\Project\IMGWeb\client-app\src\features\home\HomePage.tsx", "TypeScript JSX", 0, 0, 0, 0, 0, 0, 0, 41, 0, 0, 0, 1, 42
"c:\Users\craym\Desktop\school\Project\IMGWeb\client-app\src\features\images\ImageDetails.tsx", "TypeScript JSX", 0, 0, 0, 0, 0, 0, 0, 272, 0, 0, 2, 25, 299
"c:\Users\craym\Desktop\school\Project\IMGWeb\client-app\src\features\images\ImageSearchMenu.tsx", "TypeScript JSX", 0, 0, 0, 0, 0, 0, 0, 64, 0, 0, 0, 6, 70
"c:\Users\craym\Desktop\school\Project\IMGWeb\client-app\src\features\images\ImageSearchPage.tsx", "TypeScript JSX", 0, 0, 0, 0, 0, 0, 0, 110, 0, 0, 0, 13, 123
"c:\Users\craym\Desktop\school\Project\IMGWeb\client-app\src\features\images\ImageSortBar.tsx", "TypeScript JSX", 0, 0, 0, 0, 0, 0, 0, 45, 0, 0, 0, 5, 50
"c:\Users\craym\Desktop\school\Project\IMGWeb\client-app\src\features\images\ImagesGrid.tsx", "TypeScript JSX", 0, 0, 0, 0, 0, 0, 0, 91, 0, 0, 1, 10, 102
"c:\Users\craym\Desktop\school\Project\IMGWeb\client-app\src\features\images\MultiSelectsMenu.tsx", "TypeScript JSX", 0, 0, 0, 0, 0, 0, 0, 141, 0, 0, 0, 13, 154
"c:\Users\craym\Desktop\school\Project\IMGWeb\client-app\src\features\images\TagParam.tsx", "TypeScript JSX", 0, 0, 0, 0, 0, 0, 0, 35, 0, 0, 0, 3, 38
"c:\Users\craym\Desktop\school\Project\IMGWeb\client-app\src\features\images\TagSearchBar.tsx", "TypeScript JSX", 0, 0, 0, 0, 0, 0, 0, 62, 0, 0, 0, 9, 71
"c:\Users\craym\Desktop\school\Project\IMGWeb\client-app\src\features\images\sortAlgo.ts", "TypeScript", 0, 0, 0, 0, 0, 0, 83, 0, 0, 0, 0, 4, 87
"c:\Users\craym\Desktop\school\Project\IMGWeb\client-app\src\features\profiles\ProfilePage.tsx", "TypeScript JSX", 0, 0, 0, 0, 0, 0, 0, 30, 0, 0, 0, 6, 36
"c:\Users\craym\Desktop\school\Project\IMGWeb\client-app\src\features\profiles\panes\ProfileData.tsx", "TypeScript JSX", 0, 0, 0, 0, 0, 0, 0, 14, 0, 0, 0, 4, 18
"c:\Users\craym\Desktop\school\Project\IMGWeb\client-app\src\features\profiles\panes\ProfileSettings.tsx", "TypeScript JSX", 0, 0, 0, 0, 0, 0, 0, 37, 0, 0, 0, 5, 42
"c:\Users\craym\Desktop\school\Project\IMGWeb\client-app\src\features\tags\CreateTag.tsx", "TypeScript JSX", 0, 0, 0, 0, 0, 0, 0, 39, 0, 0, 0, 2, 41
"c:\Users\craym\Desktop\school\Project\IMGWeb\client-app\src\features\tags\EditTag.tsx", "TypeScript JSX", 0, 0, 0, 0, 0, 0, 0, 45, 0, 0, 0, 2, 47
"c:\Users\craym\Desktop\school\Project\IMGWeb\client-app\src\features\tags\TagDetails.tsx", "TypeScript JSX", 0, 0, 0, 0, 0, 0, 0, 25, 0, 0, 0, 3, 28
"c:\Users\craym\Desktop\school\Project\IMGWeb\client-app\src\features\tags\TagManager.tsx", "TypeScript JSX", 0, 0, 0, 0, 0, 0, 0, 51, 0, 0, 0, 6, 57
"c:\Users\craym\Desktop\school\Project\IMGWeb\client-app\src\features\upload\ImageDropZone.tsx", "TypeScript JSX", 0, 0, 0, 0, 0, 0, 0, 46, 0, 0, 0, 7, 53
"c:\Users\craym\Desktop\school\Project\IMGWeb\client-app\src\features\upload\ImageUploadWidget.tsx", "TypeScript JSX", 0, 0, 0, 0, 0, 0, 0, 202, 0, 0, 2, 17, 221
"c:\Users\craym\Desktop\school\Project\IMGWeb\client-app\src\features\upload\UploadPage.tsx", "TypeScript JSX", 0, 0, 0, 0, 0, 0, 0, 9, 0, 0, 0, 3, 12
"c:\Users\craym\Desktop\school\Project\IMGWeb\client-app\src\features\users\LoginForm.tsx", "TypeScript JSX", 0, 0, 0, 0, 0, 0, 0, 29, 0, 0, 0, 1, 30
"c:\Users\craym\Desktop\school\Project\IMGWeb\client-app\src\features\users\RegisterForm.tsx", "TypeScript JSX", 0, 0, 0, 0, 0, 0, 0, 45, 0, 0, 0, 1, 46
"c:\Users\craym\Desktop\school\Project\IMGWeb\client-app\src\index.tsx", "TypeScript JSX", 0, 0, 0, 0, 0, 0, 0, 21, 0, 0, 0, 4, 25
"c:\Users\craym\Desktop\school\Project\IMGWeb\client-app\src\react-app-env.d.ts", "TypeScript", 0, 0, 0, 0, 0, 0, 0, 0, 0, 0, 1, 1, 2
"c:\Users\craym\Desktop\school\Project\IMGWeb\client-app\src\reportWebVitals.ts", "TypeScript", 0, 0, 0, 0, 0, 0, 13, 0, 0, 0, 0, 3, 16
"c:\Users\craym\Desktop\school\Project\IMGWeb\client-app\src\setupTests.ts", "TypeScript", 0, 0, 0, 0, 0, 0, 1, 0, 0, 0, 4, 1, 6
"c:\Users\craym\Desktop\school\Project\IMGWeb\client-app\tsconfig.json", "JSON with Comments", 0, 0, 26, 0, 0, 0, 0, 0, 0, 0, 0, 1, 27
"Total", "-", 5035, 8715, 26, 26, 36331, 23, 835, 1750, 185, 6, 1097, 1608, 55637